,T2,T2_Limit,Q_Residuals,Q_Limit,Outlier_T2,Outlier_Q,is_outlier,Outlier_Type
CTRL02_00 (F249),50.75756107787151,100.98306582619351,0.0017523594093482465,0.001690420058572245,False,True,True,Q-Res (Model Mismatch)
CTRL09_00 (F258),35.99322825584629,100.98306582619351,0.0018635745437768731,0.001690420058572245,False,True,True,Q-Res (Model Mismatch)
CTRL13 (F262),24.188023034997762,100.98306582619351,0.0017053802209609622,0.001690420058572245,False,True,True,Q-Res (Model Mismatch)
CTRL41 (F290),33.57239083706043,100.98306582619351,0.0017801929933380638,0.001690420058572245,False,True,True,Q-Res (Model Mismatch)
CTRL53 (F304),32.32116661754658,100.98306582619351,0.0017112420362694813,0.001690420058572245,False,True,True,Q-Res (Model Mismatch)
CTRL60 (F311),29.493314013665465,100.98306582619351,0.001745996182983069,0.001690420058572245,False,True,True,Q-Res (Model Mismatch)
CTRL93_00 (F344),18.373618522266938,100.98306582619351,0.0017855058266373885,0.001690420058572245,False,True,True,Q-Res (Model Mismatch)
