Feature,p_value,mean_CHD,mean_CTRL,log2_fc,p_value_adj,significant
Myristamide,3.659693470335315e-70,6.59623928194759,4.9878398156328965,0.40322860043208264,2.927754776268252e-69,True
L-Cystine,9.572812997033932e-23,7.361700835667282,7.6659848493652145,-0.05843202411394666,3.829125198813573e-22,True
Linoleamide,4.730056599529269e-19,6.191056099095264,5.453186025503827,0.18308616084228543,1.2613484265411385e-18,True
Palmitic Acid,5.138369437252565e-11,8.026443465231326,7.910613367820705,0.020971306228127082,1.027673887450513e-10,True
5-Hydroxy-DL-tryptophan,1.194356041129718e-09,5.369547827120093,5.527806646149908,-0.041906550338576126,1.910969665807549e-09,True
DL-Lactic Acid,3.2540032441620172e-09,8.262960124582209,8.145713752028673,0.020617588034163598,4.338670992216023e-09,True
4-Hydroxybutyric acid (GHB),1.2332272167089704e-08,7.153021702093397,6.979630624642094,0.035402130350352834,1.4094025333816805e-08,True
Acetyl-L-carnitine,0.0003027746333008441,7.271181299446907,7.435270192394973,-0.03219540168277422,0.0003027746333008441,True
